index,LTE/5g Category,Time,Packet Loss Rate,Packet delay,IoT,LTE/5G,GBR,Non-GBR,AR/VR/Gaming,Healthcare,Industry 4.0,IoT Devices,Public Safety,Smart City &amp; Home,Smart Transportation,Smartphone,slice Type
count,31583.0,31583.0,31583.0,31583.0,31583.0,31583.0,31583.0,31583.0,31583.0,31583.0,31583.0,31583.0,31583.0,31583.0,31583.0,31583.0,31583.0
mean,10.974923218187,11.476458854447012,0.0030793516448722417,114.12674540100687,0.4680999271760124,0.5319000728239875,0.44118671437165563,0.5588132856283443,0.10629135927555963,0.05794256403761517,0.11610676629832505,0.057879238831016686,0.059715669822372794,0.11772155906658645,0.058734129120096255,0.42560871354842794,1.7021498907640187
std,6.0536414858088285,6.915642508298584,0.004344019011441296,106.32097634383987,0.4989892474131463,0.4989892474131463,0.49653681012646755,0.49653681012646755,0.30821504514843673,0.2336385064054259,0.3203579788717835,0.23351864836771702,0.2369630488120035,0.3222832330121181,0.23513013779828237,0.4944427946417438,0.8229561303941189
min,1.0,0.0,1e-06,10.0,0.0,0.0,0.0,0.0,0.0,0.0,0.0,0.0,0.0,0.0,0.0,0.0,1.0
25%,6.0,6.0,1e-06,50.0,0.0,0.0,0.0,0.0,0.0,0.0,0.0,0.0,0.0,0.0,0.0,0.0,1.0
50%,11.0,11.0,0.001,75.0,0.0,1.0,0.0,1.0,0.0,0.0,0.0,0.0,0.0,0.0,0.0,0.0,1.0
75%,16.0,17.0,0.01,150.0,1.0,1.0,1.0,1.0,0.0,0.0,0.0,0.0,0.0,0.0,0.0,1.0,2.0
max,22.0,23.0,0.01,300.0,1.0,1.0,1.0,1.0,1.0,1.0,1.0,1.0,1.0,1.0,1.0,1.0,3.0